56, Generation,,,,,,,
950, |Individual Number|,,,,,,,
6, |Number of points|,,,,,,,
-0.470954453524378,0.231135810991905,0.714318551092809,0.01244951922851,0.01244951922851,0.01244951922851,0.01244951922851,0.01244951922851, 0.01244951922851]|
0.125366209288236,-0.662340648442348,0.38023093025215,0.01244951922851,0.01244951922851,0.01244951922851,0.01244951922851,0.01244951922851, 0.01244951922851]|
-0.284710384446026,-0.238882538268223,1.44142632847232,0.01244951922851,0.01244951922851,0.01244951922851,0.01244951922851,0.01244951922851, 0.01244951922851]|
0.45216665491953,0.252728218600569,0.76600119853072,0.01244951922851,0.01244951922851,0.01244951922851,0.01244951922851,0.01244951922851, 0.01244951922851]|
0.648979690366153,-0.729273802040986,-0.656346421836888,0.01244951922851,0.01244951922851,0.01244951922851,0.01244951922851,0.01244951922851, 0.01244951922851]|
-0.142166508675209,-0.708560239568671,0.255843453911774,0.01244951922851,0.01244951922851,0.01244951922851,0.01244951922851,0.01244951922851, 0.01244951922851]|
