56, Generation,,,,,,,,
949, |Individual Number|,,,,,,,,
7, |Number of points|,,,,,,,,
-0.112504231131702,0.372170050218446,1.40075391294713,0.021100286428819,0.021100286428819,0.021100286428819,0.021100286428819,0.122727753811254,0.122727753811254, 0.01244951922851]|
1.07813458081651,0.242301840072013,1.71596739613358,0.021100286428819,0.021100286428819,0.021100286428819,0.021100286428819,0.122727753811254,0.122727753811254, 0.01244951922851]|
-0.656190481772,0.694004066361382,0.624603659725244,0.021100286428819,0.021100286428819,0.021100286428819,0.021100286428819,0.122727753811254,0.122727753811254, 0.01244951922851]|
-0.609079346772037,-0.384281885649296,1.23060254703791,0.021100286428819,0.021100286428819,0.021100286428819,0.021100286428819,0.122727753811254,0.122727753811254, 0.01244951922851]|
-0.561801542528522,0.166646441572388,0.818949343697307,0.021100286428819,0.021100286428819,0.021100286428819,0.021100286428819,0.122727753811254,0.122727753811254, 0.01244951922851]|
-0.445794211933927,0.362151599413259,0.275342715200356,0.021100286428819,0.021100286428819,0.021100286428819,0.021100286428819,0.122727753811254,0.122727753811254, 0.01244951922851]|
-0.21522488039609,-0.010322766667109,0.315197395831293,0.021100286428819,0.021100286428819,0.021100286428819,0.021100286428819,0.122727753811254,0.122727753811254, 0.01244951922851]|
