57, Generation,,,,,,,,
959, |Individual Number|,,,,,,,,
7, |Number of points|,,,,,,,,
-0.110843768199197,-0.501214743634249,1.0667734168735,0.429946791581726,0.429946791581726,0.429946791581726,0.429946791581726,0.019703752613783,0.019703752613783, 0.01244951922851]|
0.596023841331985,0.712222854943282,0.641000569448954,0.429946791581726,0.429946791581726,0.429946791581726,0.429946791581726,0.019703752613783,0.019703752613783, 0.01244951922851]|
0.025532581775852,0.179392707854285,1.62653595869523,0.429946791581726,0.429946791581726,0.429946791581726,0.429946791581726,0.019703752613783,0.019703752613783, 0.01244951922851]|
0.308949395557455,-0.183107667146903,1.72551541323302,0.429946791581726,0.429946791581726,0.429946791581726,0.429946791581726,0.019703752613783,0.019703752613783, 0.01244951922851]|
0.568399911614928,0.753378998320984,1.69820571743819,0.429946791581726,0.429946791581726,0.429946791581726,0.429946791581726,0.019703752613783,0.019703752613783, 0.01244951922851]|
-0.632435298468322,0.592476545435286,0.327634400044262,0.429946791581726,0.429946791581726,0.429946791581726,0.429946791581726,0.019703752613783,0.019703752613783, 0.01244951922851]|
0.388744470326686,0.165158978431634,0.8168683152354,0.429946791581726,0.429946791581726,0.429946791581726,0.429946791581726,0.019703752613783,0.019703752613783, 0.01244951922851]|
