54, Generation,,,,,,,
909, |Individual Number|,,,,,,,
6, |Number of points|,,,,,,,
0.108436262440888,0.129393450602028,1.37611365133405,0.404034960234008,0.404034960234008,0.019703752613783,0.198265960533861,0.091499097581579, 0.091499097581579]|
0.475343712296418,-0.614793169406634,1.85867403165909,0.404034960234008,0.404034960234008,0.019703752613783,0.198265960533861,0.091499097581579, 0.091499097581579]|
-1.0570989317321,-0.30340599935748,0.360485584196178,0.404034960234008,0.404034960234008,0.019703752613783,0.198265960533861,0.091499097581579, 0.091499097581579]|
0.433294036996379,0.363877857242105,1.55099512317863,0.404034960234008,0.404034960234008,0.019703752613783,0.198265960533861,0.091499097581579, 0.091499097581579]|
0.47020878289996,0.661203691180352,-0.007799541210527,0.404034960234008,0.404034960234008,0.019703752613783,0.198265960533861,0.091499097581579, 0.091499097581579]|
0.436393744658632,-0.038977338819727,1.44501952627597,0.404034960234008,0.404034960234008,0.019703752613783,0.198265960533861,0.091499097581579, 0.091499097581579]|
